,poches,score
0,3ECG_pocket0_atm.pdb;5UPJ_pocket0_atm.pdb,0.4012
1,1IDA_pocket0_atm.pdb;3UPJ_pocket0_atm.pdb,0.4559
2,1HSI_pocket0_atm.pdb;1HII_pocket0_atm.pdb,0.2881
3,1HII_pocket0_atm.pdb;1HSH_pocket0_atm.pdb,0.3148
4,3EC0_pocket0_atm.pdb;5UPJ_pocket0_atm.pdb,0.4698
5,1IVQ_pocket0_atm.pdb;1HSH_pocket0_atm.pdb,0.5575
6,6UPJ_pocket1_atm.pdb;1HSH_pocket0_atm.pdb,0.2887
7,2MIP_pocket0_atm.pdb;5UPJ_pocket0_atm.pdb,0.3636
8,2MIP_pocket0_atm.pdb;1IDB_pocket1_atm.pdb,0.1467
9,1JLD_pocket0_atm.pdb;1HII_pocket0_atm.pdb,0.3289
10,1HII_pocket2_atm.pdb;1IDB_pocket1_atm.pdb,0.6111
11,3EBZ_pocket0_atm.pdb;1HSI_pocket0_atm.pdb,0.3404
12,3S45_pocket0_atm.pdb;6UPJ_pocket8_atm.pdb,0.2826
13,3UPJ_pocket0_atm.pdb;3EBZ_pocket7_atm.pdb,0.1783
14,2MIP_pocket0_atm.pdb;1HSH_pocket0_atm.pdb,0.3351
15,3EBZ_pocket7_atm.pdb;1IDB_pocket0_atm.pdb,0.2143
16,4UPJ_pocket1_atm.pdb;1HSH_pocket0_atm.pdb,0.2095
17,1HII_pocket2_atm.pdb;4UPJ_pocket1_atm.pdb,0.5849
18,3EBZ_pocket0_atm.pdb;2MIP_pocket0_atm.pdb,0.4773
19,2MIP_pocket0_atm.pdb;1JLD_pocket0_atm.pdb,0.5171
20,1JLD_pocket0_atm.pdb;2HPF_pocket0_atm.pdb,0.3593
21,2HPF_pocket0_atm.pdb;1IDB_pocket0_atm.pdb,0.6
22,1IDA_pocket0_atm.pdb;1HII_pocket0_atm.pdb,0.3737
23,1IVP_pocket0_atm.pdb;1IDB_pocket0_atm.pdb,0.3046
24,1HII_pocket0_atm.pdb;2HPE_pocket0_atm.pdb,0.3741
25,1IDA_pocket0_atm.pdb;1HII_pocket2_atm.pdb,0.3596
26,1HSI_pocket0_atm.pdb;3EC0_pocket0_atm.pdb,0.5556
27,2HPE_pocket0_atm.pdb;4UPJ_pocket1_atm.pdb,0.2055
28,1HSI_pocket0_atm.pdb;1IDB_pocket0_atm.pdb,0.3212
29,2HPF_pocket0_atm.pdb;1IDB_pocket1_atm.pdb,0.114
30,1JLD_pocket0_atm.pdb;1IVP_pocket0_atm.pdb,0.5059
31,1IDA_pocket0_atm.pdb;6UPJ_pocket8_atm.pdb,0.3256
32,1IDA_pocket0_atm.pdb;2MIP_pocket0_atm.pdb,0.3462
33,3EBZ_pocket7_atm.pdb;1HSI_pocket0_atm.pdb,0.2673
34,1IDB_pocket1_atm.pdb;1HSH_pocket0_atm.pdb,0.3265
35,1JLD_pocket0_atm.pdb;6UPJ_pocket1_atm.pdb,0.2013
36,1IDB_pocket1_atm.pdb;4UPJ_pocket1_atm.pdb,0.4746
37,1IVQ_pocket0_atm.pdb;1IDB_pocket1_atm.pdb,0.3077
38,3EBZ_pocket7_atm.pdb;1HSH_pocket0_atm.pdb,0.1569
39,1IVP_pocket0_atm.pdb;1HSH_pocket0_atm.pdb,0.4962
40,1IDA_pocket0_atm.pdb;1HSH_pocket0_atm.pdb,0.6907
41,2MIP_pocket0_atm.pdb;2HPF_pocket0_atm.pdb,0.4335
42,2HPF_pocket0_atm.pdb;4UPJ_pocket0_atm.pdb,0.4636
43,3S45_pocket0_atm.pdb;3EBZ_pocket7_atm.pdb,0.1837
44,2HPF_pocket0_atm.pdb;3ECG_pocket0_atm.pdb,0.5185
45,3EBZ_pocket7_atm.pdb;6UPJ_pocket1_atm.pdb,0.0429
46,1IDB_pocket0_atm.pdb;4UPJ_pocket1_atm.pdb,0.0667
47,2MIP_pocket0_atm.pdb;4UPJ_pocket0_atm.pdb,0.3687
48,3EBZ_pocket7_atm.pdb;6UPJ_pocket8_atm.pdb,0.0
49,1HSI_pocket0_atm.pdb;6UPJ_pocket1_atm.pdb,0.2162
50,3S45_pocket0_atm.pdb;5UPJ_pocket0_atm.pdb,0.4724
51,4UPJ_pocket0_atm.pdb;3EC0_pocket0_atm.pdb,0.3957
52,3EBZ_pocket0_atm.pdb;6UPJ_pocket8_atm.pdb,0.2404
53,1JLD_pocket0_atm.pdb;1IDB_pocket1_atm.pdb,0.2667
54,2MIP_pocket0_atm.pdb;1IVP_pocket0_atm.pdb,0.3382
55,2HPE_pocket0_atm.pdb;1IDB_pocket0_atm.pdb,0.4103
56,3UPJ_pocket0_atm.pdb;1IDB_pocket0_atm.pdb,0.4336
57,1IDB_pocket1_atm.pdb;1IVP_pocket0_atm.pdb,0.3109
58,3ECG_pocket0_atm.pdb;2HPE_pocket0_atm.pdb,0.5864
59,6UPJ_pocket8_atm.pdb;3EC0_pocket0_atm.pdb,0.2
60,6UPJ_pocket1_atm.pdb;3ECG_pocket0_atm.pdb,0.1985
61,1IDA_pocket0_atm.pdb;1IDB_pocket1_atm.pdb,0.3626
62,3EBZ_pocket7_atm.pdb;5UPJ_pocket0_atm.pdb,0.181
63,1HII_pocket2_atm.pdb;1HSH_pocket0_atm.pdb,0.2574
64,1IDB_pocket1_atm.pdb;6UPJ_pocket1_atm.pdb,0.2319
65,1HII_pocket2_atm.pdb;1HSI_pocket0_atm.pdb,0.3301
66,3S45_pocket0_atm.pdb;3UPJ_pocket0_atm.pdb,0.4028
67,1HSI_pocket0_atm.pdb;1IVP_pocket0_atm.pdb,0.4507
68,3ECG_pocket0_atm.pdb;4UPJ_pocket1_atm.pdb,0.1702
69,2HPF_pocket0_atm.pdb;5UPJ_pocket0_atm.pdb,0.3478
70,3ECG_pocket0_atm.pdb;1IVP_pocket0_atm.pdb,0.3929
71,1IDB_pocket1_atm.pdb;2HPE_pocket0_atm.pdb,0.2517
72,1HII_pocket2_atm.pdb;1IDB_pocket0_atm.pdb,0.094
73,3S45_pocket0_atm.pdb;3EC0_pocket0_atm.pdb,0.6364
74,3EBZ_pocket0_atm.pdb;3ECG_pocket0_atm.pdb,0.6953
75,1IDA_pocket0_atm.pdb;4UPJ_pocket1_atm.pdb,0.2737
76,1HSI_pocket0_atm.pdb;5UPJ_pocket0_atm.pdb,0.4632
77,5UPJ_pocket0_atm.pdb;1HSH_pocket0_atm.pdb,0.5492
78,1IVQ_pocket0_atm.pdb;2HPF_pocket0_atm.pdb,0.3106
79,3S45_pocket0_atm.pdb;3EBZ_pocket0_atm.pdb,0.5128
80,3EBZ_pocket0_atm.pdb;4UPJ_pocket1_atm.pdb,0.2364
81,3UPJ_pocket0_atm.pdb;2HPF_pocket0_atm.pdb,0.3958
82,3S45_pocket0_atm.pdb;1JLD_pocket0_atm.pdb,0.471
83,2MIP_pocket0_atm.pdb;1HSI_pocket0_atm.pdb,0.3454
84,2HPE_pocket0_atm.pdb;1HSH_pocket0_atm.pdb,0.4698
85,4UPJ_pocket0_atm.pdb;1HII_pocket0_atm.pdb,0.5111
86,3EBZ_pocket0_atm.pdb;3EC0_pocket0_atm.pdb,0.5481
87,1IVQ_pocket0_atm.pdb;1IDB_pocket0_atm.pdb,0.3828
88,3S45_pocket0_atm.pdb;2MIP_pocket0_atm.pdb,0.3459
89,2HPF_pocket0_atm.pdb;1IVP_pocket0_atm.pdb,0.2614
90,6UPJ_pocket1_atm.pdb;1IVP_pocket0_atm.pdb,0.2377
91,1IDA_pocket0_atm.pdb;6UPJ_pocket1_atm.pdb,0.3222
92,3EBZ_pocket0_atm.pdb;1HII_pocket2_atm.pdb,0.271
93,1JLD_pocket0_atm.pdb;4UPJ_pocket0_atm.pdb,0.3494
94,1HSI_pocket0_atm.pdb;2HPE_pocket0_atm.pdb,0.5369
95,4UPJ_pocket0_atm.pdb;4UPJ_pocket1_atm.pdb,0.1
96,6UPJ_pocket1_atm.pdb;6UPJ_pocket8_atm.pdb,0.1905
97,1IDB_pocket1_atm.pdb;6UPJ_pocket8_atm.pdb,0.3559
98,1HII_pocket2_atm.pdb;1IVP_pocket0_atm.pdb,0.2857
99,1JLD_pocket0_atm.pdb;1IVQ_pocket0_atm.pdb,0.4843
100,1IDB_pocket1_atm.pdb;3EC0_pocket0_atm.pdb,0.28
101,3EBZ_pocket7_atm.pdb;2HPF_pocket0_atm.pdb,0.3218
102,3EBZ_pocket7_atm.pdb;4UPJ_pocket0_atm.pdb,0.2308
103,2HPF_pocket0_atm.pdb;1HSH_pocket0_atm.pdb,0.336
104,3EC0_pocket0_atm.pdb;1HSH_pocket0_atm.pdb,0.4925
105,1HII_pocket0_atm.pdb;3EC0_pocket0_atm.pdb,0.3543
106,6UPJ_pocket8_atm.pdb;1HSH_pocket0_atm.pdb,0.2903
107,6UPJ_pocket8_atm.pdb;1IVP_pocket0_atm.pdb,0.2807
108,1HII_pocket0_atm.pdb;1IVP_pocket0_atm.pdb,0.3333
109,3EBZ_pocket0_atm.pdb;3UPJ_pocket0_atm.pdb,0.4792
110,1IDA_pocket0_atm.pdb;1JLD_pocket0_atm.pdb,0.4641
111,3ECG_pocket0_atm.pdb;3EC0_pocket0_atm.pdb,0.75
112,1HSI_pocket0_atm.pdb;6UPJ_pocket8_atm.pdb,0.2381
113,1IDB_pocket0_atm.pdb;1HSH_pocket0_atm.pdb,0.437
114,3S45_pocket0_atm.pdb;3ECG_pocket0_atm.pdb,0.5489
115,1IDA_pocket0_atm.pdb;1IVQ_pocket0_atm.pdb,0.5741
116,6UPJ_pocket8_atm.pdb;5UPJ_pocket0_atm.pdb,0.2301
117,1IDA_pocket0_atm.pdb;1HSI_pocket0_atm.pdb,0.4746
118,1HII_pocket2_atm.pdb;3EC0_pocket0_atm.pdb,0.246
119,1HII_pocket2_atm.pdb;6UPJ_pocket8_atm.pdb,0.3276
120,1JLD_pocket0_atm.pdb;1HII_pocket2_atm.pdb,0.2635
121,2MIP_pocket0_atm.pdb;6UPJ_pocket8_atm.pdb,0.1686
122,3EBZ_pocket0_atm.pdb;2HPE_pocket0_atm.pdb,0.425
123,3UPJ_pocket0_atm.pdb;4UPJ_pocket1_atm.pdb,0.1752
124,1IVQ_pocket0_atm.pdb;6UPJ_pocket8_atm.pdb,0.2857
125,3EBZ_pocket7_atm.pdb;3EC0_pocket0_atm.pdb,0.287
126,1IDA_pocket0_atm.pdb;1IDB_pocket0_atm.pdb,0.4103
127,3EC0_pocket0_atm.pdb;1IVP_pocket0_atm.pdb,0.4487
128,6UPJ_pocket1_atm.pdb;2HPE_pocket0_atm.pdb,0.234
129,3EC0_pocket0_atm.pdb;2HPE_pocket0_atm.pdb,0.6382
130,1JLD_pocket0_atm.pdb;3ECG_pocket0_atm.pdb,0.418
131,3EBZ_pocket0_atm.pdb;3EBZ_pocket7_atm.pdb,0.114
132,2HPF_pocket0_atm.pdb;6UPJ_pocket8_atm.pdb,0.1038
133,6UPJ_pocket8_atm.pdb;4UPJ_pocket1_atm.pdb,0.375
134,3EBZ_pocket7_atm.pdb;3ECG_pocket0_atm.pdb,0.2683
135,4UPJ_pocket0_atm.pdb;5UPJ_pocket0_atm.pdb,0.4878
136,3S45_pocket0_atm.pdb;4UPJ_pocket0_atm.pdb,0.35
137,3EC0_pocket0_atm.pdb;1IDB_pocket0_atm.pdb,0.4889
138,3EBZ_pocket0_atm.pdb;6UPJ_pocket1_atm.pdb,0.2294
139,3EC0_pocket0_atm.pdb;4UPJ_pocket1_atm.pdb,0.2077
140,1IDB_pocket1_atm.pdb;1HSI_pocket0_atm.pdb,0.3592
141,1HII_pocket0_atm.pdb;1IDB_pocket0_atm.pdb,0.4158
142,2MIP_pocket0_atm.pdb;3ECG_pocket0_atm.pdb,0.5707
143,1IVQ_pocket0_atm.pdb;1IVP_pocket0_atm.pdb,0.5659
144,1HII_pocket2_atm.pdb;4UPJ_pocket0_atm.pdb,0.1101
145,3UPJ_pocket0_atm.pdb;6UPJ_pocket8_atm.pdb,0.1938
146,2MIP_pocket0_atm.pdb;4UPJ_pocket1_atm.pdb,0.1243
147,4UPJ_pocket0_atm.pdb;1HSI_pocket0_atm.pdb,0.2985
148,2MIP_pocket0_atm.pdb;1IDB_pocket0_atm.pdb,0.4
149,1IDA_pocket0_atm.pdb;1IVP_pocket0_atm.pdb,0.5323
150,3UPJ_pocket0_atm.pdb;3EC0_pocket0_atm.pdb,0.481
151,3S45_pocket0_atm.pdb;1IDB_pocket0_atm.pdb,0.3852
152,1IDA_pocket0_atm.pdb;3S45_pocket0_atm.pdb,0.4862
153,3EBZ_pocket0_atm.pdb;1HII_pocket0_atm.pdb,0.2479
154,1IVQ_pocket0_atm.pdb;5UPJ_pocket0_atm.pdb,0.5726
155,3ECG_pocket0_atm.pdb;1HSH_pocket0_atm.pdb,0.4345
156,3UPJ_pocket0_atm.pdb;1HII_pocket0_atm.pdb,0.3134
157,2HPF_pocket0_atm.pdb;4UPJ_pocket1_atm.pdb,0.0877
158,1JLD_pocket0_atm.pdb;1IDB_pocket0_atm.pdb,0.3916
159,3S45_pocket0_atm.pdb;2HPE_pocket0_atm.pdb,0.5282
160,2MIP_pocket0_atm.pdb;1HII_pocket2_atm.pdb,0.1492
161,6UPJ_pocket1_atm.pdb;5UPJ_pocket0_atm.pdb,0.3211
162,1IVP_pocket0_atm.pdb;4UPJ_pocket1_atm.pdb,0.2541
163,6UPJ_pocket8_atm.pdb;2HPE_pocket0_atm.pdb,0.2519
164,1IDA_pocket0_atm.pdb;3EBZ_pocket0_atm.pdb,0.3952
165,1JLD_pocket0_atm.pdb;6UPJ_pocket8_atm.pdb,0.2245
166,2HPF_pocket0_atm.pdb;6UPJ_pocket1_atm.pdb,0.2577
167,4UPJ_pocket0_atm.pdb;6UPJ_pocket8_atm.pdb,0.1875
168,3EBZ_pocket0_atm.pdb;1IVQ_pocket0_atm.pdb,0.3806
169,3S45_pocket0_atm.pdb;1IVP_pocket0_atm.pdb,0.4923
170,3UPJ_pocket0_atm.pdb;3ECG_pocket0_atm.pdb,0.522
171,1IVQ_pocket0_atm.pdb;2HPE_pocket0_atm.pdb,0.4901
172,3ECG_pocket0_atm.pdb;1HII_pocket0_atm.pdb,0.3139
173,3EBZ_pocket7_atm.pdb;1HII_pocket0_atm.pdb,0.3636
174,1JLD_pocket0_atm.pdb;1HSH_pocket0_atm.pdb,0.3939
175,2MIP_pocket0_atm.pdb;3UPJ_pocket0_atm.pdb,0.4615
176,3EBZ_pocket7_atm.pdb;1IDB_pocket1_atm.pdb,0.0
177,1HII_pocket2_atm.pdb;1HII_pocket0_atm.pdb,0.0879
178,3UPJ_pocket0_atm.pdb;1HSI_pocket0_atm.pdb,0.3544
179,3UPJ_pocket0_atm.pdb;2HPE_pocket0_atm.pdb,0.4457
180,1HII_pocket2_atm.pdb;2HPE_pocket0_atm.pdb,0.2308
181,1JLD_pocket0_atm.pdb;2HPE_pocket0_atm.pdb,0.5763
182,3UPJ_pocket0_atm.pdb;1IVP_pocket0_atm.pdb,0.3939
183,3EBZ_pocket7_atm.pdb;1IVP_pocket0_atm.pdb,0.1163
184,2HPF_pocket0_atm.pdb;1HSI_pocket0_atm.pdb,0.3615
185,1IDB_pocket1_atm.pdb;3ECG_pocket0_atm.pdb,0.2537
186,3S45_pocket0_atm.pdb;2HPF_pocket0_atm.pdb,0.4103
187,4UPJ_pocket1_atm.pdb;5UPJ_pocket0_atm.pdb,0.2269
188,6UPJ_pocket1_atm.pdb;1HII_pocket0_atm.pdb,0.1975
189,6UPJ_pocket1_atm.pdb;4UPJ_pocket1_atm.pdb,0.1714
190,1JLD_pocket0_atm.pdb;4UPJ_pocket1_atm.pdb,0.255
191,2MIP_pocket0_atm.pdb;2HPE_pocket0_atm.pdb,0.5
192,1IDB_pocket0_atm.pdb;5UPJ_pocket0_atm.pdb,0.4074
193,1IDA_pocket0_atm.pdb;4UPJ_pocket0_atm.pdb,0.4495
194,3UPJ_pocket0_atm.pdb;1JLD_pocket0_atm.pdb,0.3968
195,3S45_pocket0_atm.pdb;1IDB_pocket1_atm.pdb,0.3474
196,3ECG_pocket0_atm.pdb;6UPJ_pocket8_atm.pdb,0.1791
197,1IVQ_pocket0_atm.pdb;4UPJ_pocket0_atm.pdb,0.4912
198,1HII_pocket0_atm.pdb;4UPJ_pocket1_atm.pdb,0.0879
199,6UPJ_pocket8_atm.pdb;1HII_pocket0_atm.pdb,0.1795
200,4UPJ_pocket0_atm.pdb;3ECG_pocket0_atm.pdb,0.3741
201,1HII_pocket2_atm.pdb;1IVQ_pocket0_atm.pdb,0.2788
202,2HPF_pocket0_atm.pdb;2HPE_pocket0_atm.pdb,0.4795
203,4UPJ_pocket0_atm.pdb;1HSH_pocket0_atm.pdb,0.4643
204,2MIP_pocket0_atm.pdb;3EBZ_pocket7_atm.pdb,0.1916
205,1IDA_pocket0_atm.pdb;3EC0_pocket0_atm.pdb,0.4478
206,4UPJ_pocket0_atm.pdb;6UPJ_pocket1_atm.pdb,0.2796
207,1IDB_pocket1_atm.pdb;5UPJ_pocket0_atm.pdb,0.2957
208,1IVQ_pocket0_atm.pdb;1HSI_pocket0_atm.pdb,0.488
209,2MIP_pocket0_atm.pdb;6UPJ_pocket1_atm.pdb,0.1638
210,1IVQ_pocket0_atm.pdb;3ECG_pocket0_atm.pdb,0.4172
211,6UPJ_pocket1_atm.pdb;1IDB_pocket0_atm.pdb,0.26
212,3UPJ_pocket0_atm.pdb;1IDB_pocket1_atm.pdb,0.2239
213,3EBZ_pocket7_atm.pdb;1IVQ_pocket0_atm.pdb,0.1698
214,1HII_pocket2_atm.pdb;5UPJ_pocket0_atm.pdb,0.2586
215,3S45_pocket0_atm.pdb;4UPJ_pocket1_atm.pdb,0.3021
216,3EBZ_pocket0_atm.pdb;5UPJ_pocket0_atm.pdb,0.3378
217,3EBZ_pocket0_atm.pdb;1IDB_pocket1_atm.pdb,0.2752
218,3ECG_pocket0_atm.pdb;1IDB_pocket0_atm.pdb,0.4615
219,2MIP_pocket0_atm.pdb;3EC0_pocket0_atm.pdb,0.4868
220,1IDA_pocket0_atm.pdb;3EBZ_pocket7_atm.pdb,0.1429
221,3EBZ_pocket0_atm.pdb;1IDB_pocket0_atm.pdb,0.4062
222,1JLD_pocket0_atm.pdb;1HSI_pocket0_atm.pdb,0.4634
223,3EBZ_pocket0_atm.pdb;1HSH_pocket0_atm.pdb,0.3664
224,2HPF_pocket0_atm.pdb;3EC0_pocket0_atm.pdb,0.5512
225,3S45_pocket0_atm.pdb;1HII_pocket2_atm.pdb,0.3158
226,2MIP_pocket0_atm.pdb;1HII_pocket0_atm.pdb,0.3118
227,3EBZ_pocket7_atm.pdb;2HPE_pocket0_atm.pdb,0.237
228,1JLD_pocket0_atm.pdb;3EC0_pocket0_atm.pdb,0.4943
229,3EBZ_pocket0_atm.pdb;1JLD_pocket0_atm.pdb,0.3657
230,1IVP_pocket0_atm.pdb;2HPE_pocket0_atm.pdb,0.6118
231,1HII_pocket0_atm.pdb;5UPJ_pocket0_atm.pdb,0.3644
232,3UPJ_pocket0_atm.pdb;4UPJ_pocket0_atm.pdb,0.4667
233,3UPJ_pocket0_atm.pdb;5UPJ_pocket0_atm.pdb,0.5274
234,1IDB_pocket1_atm.pdb;4UPJ_pocket0_atm.pdb,0.1071
235,1IVQ_pocket0_atm.pdb;6UPJ_pocket1_atm.pdb,0.2718
236,1IVP_pocket0_atm.pdb;5UPJ_pocket0_atm.pdb,0.558
237,1HII_pocket2_atm.pdb;3EBZ_pocket7_atm.pdb,0.0
238,3UPJ_pocket0_atm.pdb;1HSH_pocket0_atm.pdb,0.4167
239,2MIP_pocket0_atm.pdb;1IVQ_pocket0_atm.pdb,0.3455
240,1IVQ_pocket0_atm.pdb;1HII_pocket0_atm.pdb,0.4231
241,1JLD_pocket0_atm.pdb;5UPJ_pocket0_atm.pdb,0.4647
242,4UPJ_pocket0_atm.pdb;1IDB_pocket0_atm.pdb,0.5714
243,1IDA_pocket0_atm.pdb;2HPE_pocket0_atm.pdb,0.4589
244,1JLD_pocket0_atm.pdb;3EBZ_pocket7_atm.pdb,0.1558
245,6UPJ_pocket8_atm.pdb;1IDB_pocket0_atm.pdb,0.1
246,6UPJ_pocket1_atm.pdb;3EC0_pocket0_atm.pdb,0.2016
247,1HSI_pocket0_atm.pdb;1HSH_pocket0_atm.pdb,0.4876
248,1HII_pocket2_atm.pdb;6UPJ_pocket1_atm.pdb,0.2059
249,4UPJ_pocket0_atm.pdb;2HPE_pocket0_atm.pdb,0.4106
250,3S45_pocket0_atm.pdb;1HSH_pocket0_atm.pdb,0.4867
251,3UPJ_pocket0_atm.pdb;1HII_pocket2_atm.pdb,0.1926
252,2HPE_pocket0_atm.pdb;5UPJ_pocket0_atm.pdb,0.4969
253,3UPJ_pocket0_atm.pdb;6UPJ_pocket1_atm.pdb,0.2231
254,1IDA_pocket0_atm.pdb;3ECG_pocket0_atm.pdb,0.3931
255,1IDA_pocket0_atm.pdb;2HPF_pocket0_atm.pdb,0.3417
256,1IDB_pocket1_atm.pdb;1HII_pocket0_atm.pdb,0.0625
257,3S45_pocket0_atm.pdb;1IVQ_pocket0_atm.pdb,0.5818
258,3EBZ_pocket0_atm.pdb;2HPF_pocket0_atm.pdb,0.4426
259,1HSI_pocket0_atm.pdb;4UPJ_pocket1_atm.pdb,0.2804
260,3S45_pocket0_atm.pdb;6UPJ_pocket1_atm.pdb,0.268
261,3S45_pocket0_atm.pdb;1HSI_pocket0_atm.pdb,0.4711
262,3EBZ_pocket0_atm.pdb;4UPJ_pocket0_atm.pdb,0.3106
263,4UPJ_pocket0_atm.pdb;1IVP_pocket0_atm.pdb,0.3971
264,3UPJ_pocket0_atm.pdb;1IVQ_pocket0_atm.pdb,0.3816
265,2HPF_pocket0_atm.pdb;1HII_pocket0_atm.pdb,0.404
266,3EBZ_pocket7_atm.pdb;4UPJ_pocket1_atm.pdb,0.0
267,1IDB_pocket1_atm.pdb;1IDB_pocket0_atm.pdb,0.1008
268,3EBZ_pocket0_atm.pdb;1IVP_pocket0_atm.pdb,0.3312
269,1IDA_pocket0_atm.pdb;5UPJ_pocket0_atm.pdb,0.5641
270,1IVQ_pocket0_atm.pdb;3EC0_pocket0_atm.pdb,0.482
271,1IVQ_pocket0_atm.pdb;4UPJ_pocket1_atm.pdb,0.3039
272,1HII_pocket2_atm.pdb;3ECG_pocket0_atm.pdb,0.2044
273,3S45_pocket0_atm.pdb;1HII_pocket0_atm.pdb,0.3592
274,1HII_pocket2_atm.pdb;2HPF_pocket0_atm.pdb,0.1171
275,1HSI_pocket0_atm.pdb;3ECG_pocket0_atm.pdb,0.473
